<?xml version="1.0"?>
<ProjectRoot xmlns:xsi="http://www.w3.org/2001/XMLSchema-instance" xmlns:xsd="http://www.w3.org/2001/XMLSchema">
  <TagLine>A member of the Fubu family of projects</TagLine>
  <Name>FubuMVC.Authentication</Name>
  <GitHubPage>http://github.com/DarthFubuMVC/FubuMVC.Authentication</GitHubPage>
  <UserGroupUrl>https://groups.google.com/forum/?fromgroups#!forum/fubumvc-devel</UserGroupUrl>
  <BuildServerUrl>http://build.fubu-project.org/project.html?projectId=project52&amp;tab=projectOverview</BuildServerUrl>
  <BottleName>FubuMVC.Authentication.Docs</BottleName>
  <Nugets>
    <PublishedNuget>
      <Name>FubuMVC.Authentication</Name>
      <Description>Extensible authentication behaviors (with sensible defaults) for your FubuMVC application.</Description>
    </PublishedNuget>
    <PublishedNuget>
      <Name>FubuMVC.Authentication.Serenity</Name>
      <Description>Reusable LoginScreenFixture for projects that use FubuMVC.Authentication</Description>
    </PublishedNuget>
    <PublishedNuget>
      <Name>FubuMVC.Authentication.Twitter</Name>
      <Description>Extends the FubuMVC.Authentication Bottle and provides integration with Twitter authentication.</Description>
    </PublishedNuget>
    <PublishedNuget>
      <Name>FubuMVC.Authentication.Windows</Name>
      <Description>Adds windows authentication to a FubuMVC application.</Description>
    </PublishedNuget>
    <PublishedNuget>
      <Name>FubuMVC.PersistedMembership</Name>
      <Description>A simple recipe for adding forms based membership persistence to a FubuMVC application</Description>
    </PublishedNuget>
  </Nugets>
  <Url>fubumvc.authentication</Url>
</ProjectRoot>